minutes,qt
0.0,0.0
0.05433333333333333,0.05229932012269574
0.10868333333333333,0.10461468298162543
0.16328333333333334,0.15717068688406446
0.21761666666666668,0.20947000700676022
0.27196666666666663,0.26178536986568984
0.3263,0.3140846899883856
0.38089999999999996,0.3666406938908246
0.43523333333333336,0.41894001401352043
0.4895833333333333,0.47125537687245006
0.5439166666666666,0.5235546969951458
0.5985166666666667,0.5761107008975849
0.6528666666666666,0.6284260637565144
0.7071999999999999,0.6807253838792102
0.7612833333333333,0.7327840629583966
0.8156166666666667,0.7850833830810924
0.8702166666666666,0.8376393869835315
0.9245666666666666,0.8899547498424611
0.9788999999999999,0.9422540699651567
1.0334999999999999,0.9948100738675958
1.0881,1.047366077770035
1.1421833333333333,1.0994247568492213
1.1965166666666667,1.151724076971917
1.2511166666666667,1.2042800808743561
1.3054666666666668,1.256595443733286
1.3598000000000001,1.3088947638559816
1.4143999999999999,1.3614507677584204
1.4687333333333332,1.4137500878811162
1.5230833333333333,1.4660654507400461
1.5776833333333333,1.518621454642485
1.6322833333333335,1.5711774585449243
1.6863666666666668,1.6232361376241107
1.7401833333333334,1.6750381329235537
1.7955666666666665,1.7283481454289884
1.8506833333333332,1.7814014741546802
1.9058,1.8344548028803718
1.9609166666666666,1.8875081316060636
2.01605,1.9405775030679888
2.0711666666666666,1.9936308317936806
2.1262833333333337,2.046684160519373
2.1813999999999996,2.0997374892450638
2.2367833333333333,2.153047501750499
2.2919,2.206100830476191
2.3470166666666668,2.2591541592018825
2.4024,2.3124641717073176
2.4575166666666663,2.3655175004330085
2.5129,2.418827512938444
2.568016666666667,2.471880841664136
2.6231500000000003,2.5249502131260613
2.6782666666666666,2.5780035418517526
2.7333833333333333,2.6310568705774444
2.7885,2.684110199303136
2.843616666666667,2.737163528028828
2.89875,2.790232899490754
2.9541166666666667,2.8435268692599545
3.0095,2.8968368817653896
3.0646166666666668,2.9498902104910814
3.1197500000000002,3.002959581953007
3.174866666666667,3.0560129106786986
3.2299833333333337,3.1090662394043904
3.285366666666667,3.1623762519098255
3.3404833333333332,3.2154295806355164
3.3956,3.268482909361208
3.4507166666666667,3.3215362380869
3.50585,3.374605609548826
3.5612166666666667,3.4278995793180265
3.6163499999999997,3.480968950779952
3.6714666666666664,3.5340222795056437
3.726583333333333,3.5870756082313355
3.7817000000000003,3.6401289369570273
3.8368166666666665,3.6931822656827187
3.8922000000000003,3.746492278188154
3.9473333333333334,3.7995616496500793
4.0024500000000005,3.8526149783757715
4.057566666666667,3.905668307101463
4.112683333333333,3.9587216358271538
4.1678,4.0117749645528455
4.222933333333333,4.0648443360147715
4.2780499999999995,4.117897664740463
4.333433333333333,4.1712076772458975
4.3885499999999995,4.22426100597159
4.443666666666667,4.277314334697282
4.498783333333334,4.330367663422974
4.5539000000000005,4.3834209921486655
4.6090333333333335,4.436490363610591
4.66415,4.489543692336283
4.719266666666667,4.542597021061974
4.77465,4.595907033567409
4.829766666666667,4.648960362293101
4.884883333333334,4.702013691018792
4.9399999999999995,4.755067019744484
4.9951333333333325,4.808136391206409
5.05025,4.861189719932101
5.105366666666667,4.914243048657792
5.1604833333333335,4.967296377383485
5.215866666666667,5.02060638988892
5.270983333333334,5.0736597186146115
5.326099999999999,5.126713047340302
5.381233333333333,5.179782418802228
5.43635,5.23283574752792
5.491466666666668,5.285889076253612
5.546583333333333,5.338942404979303
5.601699999999999,5.391995733704994
5.6570833333333335,5.445305746210431
5.712199999999999,5.498359074936121
5.767333333333334,5.551428446398048
5.82245,5.604481775123738
5.877833333333333,5.657791787629174
5.93295,5.710845116354866
5.988066666666667,5.763898445080557
6.043183333333333,5.816951773806248
6.098316666666666,5.870021145268174
6.153433333333333,5.923074473993866
6.208550000000001,5.976127802719558
6.263933333333333,6.029437815224993
6.319050000000001,6.082491143950684
6.3741666666666665,6.135544472676376
6.429550000000001,6.188854485181812
6.484666666666667,6.241907813907503
6.539783333333332,6.294961142633193
6.595166666666667,6.3482711551386295
6.650283333333333,6.40132448386432
6.705416666666666,6.454393855326246
6.760533333333332,6.507447184051936
6.815650000000001,6.56050051277763
6.871033333333332,6.613810525283064
6.926416666666666,6.667120537788499
6.981533333333333,6.720173866514191
7.03665,6.773227195239882
7.092033333333333,6.826537207745318
7.14715,6.87959053647101
7.202266666666666,6.932643865196701
7.25765,6.985953877702135
7.312766666666666,7.039007206427827
7.367883333333334,7.092060535153521
7.423016666666666,7.145129906615445
7.478133333333334,7.198183235341137
7.53325,7.251236564066828
7.5883666666666665,7.30428989279252
7.643483333333334,7.357343221518212
7.698866666666666,7.410653234023645
7.7540000000000004,7.463722605485572
7.809116666666666,7.516775934211264
7.864233333333334,7.569829262936956
7.91935,7.622882591662647
7.974733333333334,7.676192604168083
8.02985,7.7292459328937735
8.084966666666666,7.782299261619466
8.1401,7.835368633081391
8.195216666666667,7.888421961807083
8.250333333333334,7.941475290532774
8.305716666666667,7.99478530303821
8.360833333333334,8.047838631763902
8.41595,8.100891960489594
8.471066666666667,8.153945289215285
8.5262,8.207014660677208
8.581316666666668,8.260067989402902
8.636433333333335,8.313121318128594
8.691550000000001,8.366174646854287
8.746933333333335,8.419484659359721
8.802050000000001,8.472537988085412
8.857166666666666,8.525591316811102
8.912033333333333,8.578404004493285
8.96715,8.631457333218977
9.022533333333334,8.684767345724412
9.07765,8.737820674450104
9.132766666666667,8.790874003175796
9.1879,8.843943374637721
9.243016666666668,8.896996703363413
9.298133333333334,8.950050032089106
9.353250000000001,9.003103360814798
9.408366666666666,9.056156689540487
9.463750000000001,9.109466702045923
9.518866666666666,9.162520030771613
9.574000000000002,9.215589402233542
9.629116666666667,9.26864273095923
9.684233333333333,9.321696059684923
9.73935,9.374749388410615
9.794483333333334,9.42781875987254
9.8496,9.480872088598232
9.904983333333332,9.534182101103665
9.9601,9.58723542982936
10.015216666666667,9.640288758555052
10.070333333333334,9.693342087280744
10.125449999999999,9.746395416006433
10.180583333333335,9.799464787468361
10.2357,9.85251811619405
10.290816666666668,9.905571444919744
10.3462,9.958881457425177
10.401316666666668,10.01193478615087
10.456433333333333,10.064988114876561
10.511816666666668,10.118298127381998
10.566933333333333,10.171351456107686
10.62205,10.224404784833379
10.677183333333334,10.277474156295305
10.7323,10.330527485020998
10.787416666666667,10.38358081374669
10.842533333333334,10.43663414247238
10.897916666666667,10.489944154977815
10.953033333333334,10.542997483703507
11.008149999999999,10.596050812429196
11.063283333333334,10.649120183891124
11.118649999999999,10.702414153660323
11.173783333333335,10.755483525122251
11.2289,10.80853685384794
11.284016666666668,10.861590182573636
11.339133333333335,10.914643511299326
11.394516666666668,10.967953523804761
11.449899999999998,11.021263536310194
11.505016666666668,11.074316865035886
11.560133333333335,11.127370193761578
11.615266666666667,11.180439565223503
11.670383333333335,11.233492893949197
11.7255,11.286546222674886
11.780616666666667,11.339599551400578
11.835733333333332,11.392652880126269
11.891116666666667,11.445962892631707
11.946233333333332,11.499016221357397
12.001366666666666,11.55208559281932
12.05648333333333,11.605138921545013
12.111600000000001,11.658192250270707
12.166716666666668,11.7112455789964
12.221833333333333,11.764298907722088
12.276966666666668,11.817368279184016
12.332333333333334,11.870662248953217
12.387466666666667,11.923731620415142
12.442583333333333,11.976784949140832
12.4977,12.029838277866524
12.552816666666667,12.082891606592217
12.607933333333335,12.13594493531791
12.663066666666667,12.189014306779836
12.718183333333334,12.242067635505528
12.773566666666666,12.295377648010959
12.828683333333334,12.348430976736653
12.8838,12.401484305462345
12.938916666666668,12.454537634188036
12.994033333333332,12.507590962913726
13.049166666666668,12.560660334375655
13.104283333333333,12.613713663101345
13.1594,12.666766991827036
13.214783333333333,12.72007700433247
13.2699,12.773130333058162
13.325016666666668,12.826183661783856
13.380133333333333,12.879236990509547
13.435266666666669,12.932306361971474
13.490383333333334,12.985359690697164
13.5455,13.038413019422856
13.600616666666665,13.091466348148547
13.656,13.144776360653982
13.711116666666666,13.197829689379672
13.766250000000001,13.2508990608416
13.821366666666666,13.303952389567291
13.876483333333333,13.357005718292982
13.931600000000001,13.410059047018674
13.986716666666666,13.463112375744366
14.041850000000002,13.516181747206293
14.097216666666668,13.569475716975495
14.152350000000002,13.62254508843742
14.207466666666667,13.67559841716311
14.262850000000002,13.728908429668547
14.317966666666667,13.781961758394237
14.373083333333334,13.835015087119928
14.428466666666669,13.888325099625366
14.483583333333334,13.941378428351054
14.5387,13.994431757076747
14.593816666666665,14.047485085802435
14.648950000000001,14.100554457264366
14.704066666666666,14.153607785990054
14.759183333333334,14.206661114715748
14.814300000000001,14.25971444344144
14.869683333333334,14.313024455946874
14.924800000000001,14.366077784672566
14.979916666666666,14.419131113398256
15.035050000000002,14.472200484860185
15.090166666666667,14.525253813585874
15.145283333333333,14.578307142311566
15.200399999999998,14.631360471037256
15.255516666666667,14.68441379976295
15.3109,14.737723812268385
15.366033333333332,14.790793183730308
15.421149999999999,14.843846512456
15.476266666666668,14.896899841181694
15.531383333333334,14.949953169907385
15.586500000000001,15.003006498633075
15.641633333333335,15.056075870095002
15.69675,15.109129198820693
15.752133333333335,15.162439211326129
15.807500000000001,15.215733181095331
15.862883333333334,15.269043193600764
15.918000000000001,15.322096522326456
15.973133333333333,15.375165893788381
16.02825,15.428219222514073
16.083366666666667,15.481272551239764
16.138483333333333,15.534325879965456
16.193866666666665,15.58763589247089
16.24898333333333,15.640689221196581
16.304100000000002,15.693742549922277
16.359483333333333,15.74705256242771
16.4146,15.800105891153402
16.469733333333334,15.853175262615327
16.525100000000002,15.90646923238453
16.580233333333332,15.959538603846452
16.635350000000003,16.012591932572146
16.6905,16.065677346770304
16.7455,16.118618376342358
16.800666666666665,16.17171983327675
16.856,16.22498171757349
16.911166666666666,16.278083174507877
16.966333333333335,16.331184631442273
17.0215,16.384286088376665
17.0765,16.43722711794872
17.132,16.490649429607792
17.187,16.543590459179846
17.242166666666666,16.59669191611424
17.29733333333333,16.64979337304863
17.352500000000003,16.70289482998303
17.407500000000002,16.755835859555084
17.462666666666667,16.808937316489473
17.517833333333332,16.862038773423865
17.57316666666667,16.915300657720604
17.628333333333334,16.968402114654996
17.683333333333334,17.021343144227046
17.7385,17.07444460116144
17.793666666666663,17.12754605809583
17.848833333333335,17.18064751503023
17.904166666666665,17.23390939932696
17.9595,17.287171283623696
18.014666666666667,17.34027274055809
18.07,17.393534624854823
18.125166666666665,17.44663608178921
18.180333333333333,17.49973753872361
18.235333333333333,17.55267856829566
18.2905,17.605780025230057
18.345666666666666,17.65888148216445
18.400666666666666,17.711822511736504
18.45583333333333,17.764923968670896
18.511166666666668,17.81818585296763
18.566333333333333,17.871287309902023
18.6215,17.92438876683642
18.67683333333333,17.977650651133146
18.732000000000003,18.030752108067546
18.787166666666668,18.083853565001938
18.842166666666667,18.136794594573992
18.897333333333332,18.189896051508384
18.9525,18.24299750844278
19.0075,18.295938538014834
19.063,18.349360849673904
19.118166666666664,18.402462306608296
19.173166666666667,18.455403336180353
19.228333333333335,18.50850479311475
19.283666666666665,18.561766677411477
19.338833333333334,18.614868134345873
19.394000000000002,18.66796959128027
19.449,18.720910620852322
19.504166666666666,18.774012077786715
19.55933333333333,18.827113534721104
19.6145,18.8802149916555
19.669500000000003,18.933156021227557
19.725,18.98657833288663
19.779999999999998,19.03951936245868
19.835166666666666,19.092620819393073
19.890333333333334,19.14572227632747
19.945333333333334,19.198663305899522
20.0005,19.251764762833915
20.055666666666664,19.304866219768307
20.110833333333336,19.357967676702707
20.166166666666665,19.411229560999434
20.221333333333334,19.46433101793383
20.276333333333334,19.517272047505884
20.331500000000002,19.57037350444028
20.386666666666667,19.623474961374672
20.441666666666666,19.676415990946726
20.49683333333333,19.729517447881115
20.552,19.78261890481551
20.607333333333333,19.835880789112245
20.6625,19.88898224604664
20.717666666666666,19.94208370298103
20.772666666666666,19.995024732553087
20.827833333333334,20.04812618948748
20.883,20.101227646421872
20.938166666666667,20.154329103356265
20.993166666666664,20.207270132928315
21.04866666666667,20.260692444587395
21.103666666666665,20.313633474159445
21.158833333333334,20.366734931093838
21.214,20.41983638802823
21.269000000000002,20.47277741760029
21.324166666666667,20.52587887453468
21.3795,20.579140758831414
21.435,20.632563070490484
21.490000000000002,20.685504100062545
21.545166666666667,20.738605556996937
21.60033333333333,20.79170701393133
21.6555,20.844808470865722
21.710500000000003,20.897749500437783
21.765666666666668,20.950850957372168
21.821,21.004112841668903
21.876166666666666,21.057214298603295
21.931500000000003,21.110476182900033
21.986666666666668,21.163577639834426
22.041833333333333,21.216679096768818
22.096833333333333,21.269620126340868
22.151999999999997,21.32272158327526
22.20716666666667,21.37582304020966
22.262333333333334,21.428924497144052
22.317333333333334,21.481865526716106
22.3725,21.5349669836505
22.427833333333336,21.588228867947233
22.483,21.641330324881626
22.538333333333334,21.69459220917836
22.5935,21.747693666112752
22.648666666666667,21.80079512304715
22.704,21.854057007343876
22.759166666666665,21.907158464278268
22.814166666666665,21.960099493850326
22.869333333333334,22.013200950784718
22.924500000000002,22.066302407719114
22.979666666666667,22.119403864653506
23.034666666666666,22.17234489422556
23.089833333333335,22.225446351159952
23.145166666666668,22.278708235456687
23.200333333333333,22.33180969239108
23.255499999999998,22.38491114932547
23.31066666666667,22.438012606259868
23.365666666666666,22.49095363583192
23.420833333333334,22.544055092766317
23.476166666666664,22.597316977063045
23.53166666666667,22.65073928872212
23.586666666666666,22.70368031829417
23.641833333333334,22.756781775228568
23.697,22.80988323216296
23.752,22.862824261735014
23.807166666666667,22.91592571866941
23.862333333333332,22.969027175603802
23.917666666666666,23.022289059900537
23.97283333333333,23.07539051683493
24.028000000000002,23.128491973769325
24.083333333333332,23.181753858066052
24.1385,23.234855315000452
24.193499999999997,23.2877963445725
24.24866666666667,23.340897801506898
24.303833333333333,23.39399925844129
24.358833333333333,23.446940288013344
24.413999999999998,23.500041744947737
24.46916666666667,23.553143201882136
24.5245,23.606405086178867
24.579666666666665,23.65950654311326
24.634833333333333,23.712608000047652
24.689833333333336,23.76554902961971
24.745,23.818650486554098
24.800166666666666,23.87175194348849
24.85533333333333,23.924853400422883
24.91033333333333,23.977794429994937
24.965833333333332,24.031216741654013
25.020833333333332,24.084157771226064
25.076,24.13725922816046
25.131166666666665,24.190360685094852
25.18616666666667,24.24330171466691
25.241333333333333,24.296403171601302
25.296499999999998,24.349504628535694
25.351666666666667,24.402606085470087
25.407,24.45586796976682
25.46216666666667,24.508969426701217
25.517166666666665,24.561910456273267
25.572333333333333,24.61501191320766
25.6275,24.66811337014206
25.6825,24.72105439971411
25.737666666666666,24.774155856648502
25.79283333333333,24.827257313582894
25.848166666666668,24.880519197879632
25.903333333333332,24.933620654814025
25.9585,24.986722111748417
26.0135,25.03966314132047
26.068666666666665,25.092764598254863
26.123833333333334,25.145866055189256
26.178833333333333,25.198807084761313
26.233999999999998,25.251908541695705
26.28933333333333,25.305170425992436
26.3445,25.35827188292683
26.39966666666667,25.41137333986123
26.455,25.464635224157956
26.510166666666667,25.51773668109235
26.565333333333335,25.570838138026744
26.62066666666667,25.62410002232348
26.675833333333333,25.67720147925787
26.730833333333333,25.73014250882993
26.786,25.78324396576432
26.841166666666666,25.836345422698713
26.896333333333335,25.88944687963311
26.951666666666664,25.942708763929836
27.006500000000003,25.99548936613956
27.061833333333333,26.048751250436286
27.117,26.101852707370682
27.172166666666666,26.154954164305074
27.22716666666667,26.207895193877132
27.282333333333334,26.260996650811524
27.3375,26.314098107745917
27.392666666666667,26.36719956468031
27.448,26.420461448977044
27.503333333333334,26.473723333273774
27.5585,26.526824790208167
27.613666666666667,26.579926247142566
27.668666666666663,26.632867276714613
27.723833333333335,26.685968733649013
27.779,26.739070190583405
27.834333333333333,26.792332074880136
27.889499999999998,26.84543353181453
27.9445,26.898374561386586
27.999666666666666,26.951476018320978
28.05483333333333,27.004577475255367
28.11,27.057678932189763
28.165000000000003,27.11061996176182
28.220166666666668,27.163721418696213
28.2755,27.216983302992944
28.330666666666666,27.270084759927336
28.385833333333334,27.323186216861735
28.441,27.37628767379612
28.496,27.429228703368178
28.551166666666667,27.482330160302574
28.606333333333335,27.535431617236966
28.661333333333335,27.588372646809024
28.716833333333334,27.641794958468093
28.771833333333333,27.69473598804015
28.826999999999998,27.747837444974536
28.882333333333335,27.801099329271274
28.9375,27.854200786205666
28.992833333333333,27.9074626705024
29.048333333333336,27.960884982161474
29.103333333333335,28.013826011733528
29.1585,28.06692746866792
29.213666666666665,28.120028925602313
29.268833333333337,28.173130382536712
29.323833333333333,28.22607141210876
29.37933333333333,28.279493723767835
29.43433333333333,28.332434753339886
29.4895,28.38553621027428
29.544666666666668,28.438637667208674
29.6,28.49189955150541
29.65533333333333,28.545161435802136
29.710500000000003,28.59826289273654
29.765666666666668,28.65136434967093
29.820666666666668,28.70430537924298
29.875833333333333,28.757406836177374
29.930999999999997,28.810508293111766
29.98616666666667,28.863609750046166
30.041166666666665,28.916550779618216
30.096666666666668,28.96997309127729
30.151666666666664,29.022914120849343
30.206833333333336,29.07601557778374
30.262,29.12911703471813
30.317,29.182058064290185
30.372166666666665,29.235159521224578
30.427333333333333,29.28826097815897
30.4825,29.341362435093366
30.53783333333333,29.394624319390097
30.593,29.447725776324493
30.648333333333333,29.500987660621224
30.703500000000002,29.55408911755562
30.7585,29.607030147127674
30.813666666666666,29.660131604062062
30.869000000000003,29.713378245862003
30.924166666666668,29.76644817110099
30.979333333333333,29.81951672468954
31.034499999999998,29.872587170396674
31.089499999999997,29.92549814185205
31.14466666666667,29.978573721760625
31.2,30.03181371841925
31.255166666666664,30.084889157367698
31.310333333333332,30.137958643461683
31.365333333333336,30.19086478810566
31.4205,30.24393088031359
31.475833333333334,30.297158152233543
31.531,30.350226429323385
31.586166666666667,30.403285950620926
31.641333333333332,30.45633736128979
31.69633333333333,30.509225539168824
31.7515,30.56226520677507
31.80666666666667,30.615302944311928
31.861666666666668,30.668183100927667
31.917166666666667,30.721534844830103
31.972166666666666,30.774400942614434
32.02733333333334,30.827432467062756
32.0825,30.880462299989585
32.13783333333333,30.933639842108164
32.193,30.98665567118884
32.248333333333335,31.039836769708753
32.3035,31.092842926756305
32.358666666666664,31.145842941195387
32.414,31.19900296776557
32.469166666666666,31.251990865055536
32.524166666666666,31.304816499782596
32.57933333333333,31.357805855467692
32.634499999999996,31.410811139646793
32.68966666666667,31.46381149022156
32.745,31.51695571418891
32.800333333333334,31.57009711043657
32.8555,31.62306981114088
32.91066666666667,31.676035810817762
32.96566666666667,31.72883654395455
33.020833333333336,31.78179681848178
33.076,31.834754555726782
33.131,31.887546602765113
33.1865,31.940811803260956
33.2415,31.993584818717046
33.29666666666667,32.0465099779088
33.352,32.09959265546918
33.40716666666667,32.152501956647
33.46233333333333,32.205407473587655
33.5175,32.25830909243872
33.5725,32.31103961790106
33.62766666666667,32.36392552511986
33.682833333333335,32.41680728485809
33.737833333333334,32.46951356816015
33.79333333333333,32.52269823043568
33.848333333333336,32.575404313746674
33.9035,32.62824893049226
33.958666666666666,32.681091026220244
34.01383333333333,32.733927825100494
34.06883333333334,32.78659832621727
34.124,32.839425284996565
34.17916666666667,32.89224345003275
34.234500000000004,32.945219305043324
34.28966666666667,32.99803246599511
34.345,33.0510014420337
34.400333333333336,33.103961119224806
34.4555,33.156739549770684
34.510666666666665,33.20949230388784
34.56583333333333,33.26224004307751
34.62083333333333,33.31484127701837
34.67633333333333,33.367904122917594
34.73133333333333,33.42047090434348
34.786500000000004,33.473189394307454
34.84166666666667,33.52588108558325
34.897000000000006,33.57873728454689
34.95216666666667,33.63145000598887
35.0075,33.684309581902376
35.06266666666667,33.73698789823104
35.117666666666665,33.78948699078888
35.17283333333333,33.84214070957592
35.227999999999994,33.894786117137194
35.283166666666666,33.94741881660115
35.338166666666666,33.99989629390839
35.39366666666667,34.05285353907055
35.449,34.105642791770144
35.50416666666667,34.15825943804461
35.55916666666667,34.21069952783287
35.614333333333335,34.263283861709695
35.6695,34.31585171409512
35.7245,34.3682521516007
35.78,34.421119957122016
35.835,34.47349984419429
35.890166666666666,34.52604239965901
35.94533333333333,34.5785709783853
36.0005,34.631084539436856
36.0555,34.68343113069925
36.11066666666667,34.735927006676796
36.16583333333333,34.78840401026237
36.22116666666667,34.84101727003783
36.27633333333333,34.893470207393015
36.33133333333333,34.94575946067632
36.3865,34.99820063870425
36.44166666666667,35.05062850142202
36.497,35.103207398965125
36.55233333333333,35.15579129939694
36.607499999999995,35.20819793135143
36.662666666666674,35.260575124326216
36.71783333333334,35.312937033970634
36.77283333333333,35.36513566968044
36.827999999999996,35.417490070487496
36.88316666666666,35.46982443327077
36.93833333333334,35.52212882034158
36.99366666666666,35.574578469342434
37.04883333333333,35.6268657460228
37.103833333333334,35.678980374674644
37.15933333333333,35.73154805178533
37.214333333333336,35.78363412495607
37.2695,35.83587450528753
37.324666666666666,35.888092082608175
37.37966666666667,35.940148276032645
37.43483333333334,35.992353194049855
37.49,36.044525913521845
37.54533333333333,36.096841729811786
37.60066666666667,36.14914327699306
37.656166666666664,36.201583672517046
37.71116666666667,36.253534654425394
37.766333333333336,36.30562429416898
37.8215,36.35769765301825
37.876666666666665,36.40975298523631
37.931666666666665,36.46162957587331
37.98683333333334,36.51364276643587
38.04216666666667,36.565789332825574
38.09733333333334,36.61777797464041
38.1525,36.66975573541797
38.207499999999996,36.72155086482921
38.26266666666667,36.77348687972393
38.31783333333333,36.82538903165967
38.373000000000005,36.87726654268144
38.428,36.928972340948214
38.48350000000001,36.98112376210877
38.5385,37.03278258950088
38.593666666666664,37.084583472430694
38.649,37.13652917827662
38.704166666666666,37.18830188544628
38.75933333333333,37.240038669470515
38.814499999999995,37.2917535721463
38.8695,37.34328826454333
38.92466666666667,37.39494425673041
38.97983333333333,37.44656834313561
39.03483333333334,37.497999310436605
39.090333333333334,37.549883858064575
39.14533333333333,37.601283405147576
39.200500000000005,37.652808271890194
39.255833333333335,37.7044581058102
39.311,37.75591956218322
39.366166666666665,37.807363176257496
39.42133333333334,37.85876689319517
39.47633333333333,37.9099694490783
39.5315,37.961313382658815
39.586666666666666,38.012641767253356
39.641666666666666,38.06379609285864
39.69716666666667,38.11537641589536
39.75216666666667,38.166448047897504
39.80733333333333,38.21764258001132
39.8625,38.26880883335568
39.91766666666667,38.319948065728596
39.97266666666667,38.370905340677226
40.027833333333334,38.42199516110517
40.083,38.47305142218054
40.138333333333335,38.52421871117068
40.193666666666665,38.575353997986845
40.24883333333333,38.626303758267085
40.303999999999995,38.677219552579
40.359,38.72795775082791
40.41416666666667,38.778822848289124
40.469500000000004,38.82980852698117
40.52466666666667,38.880602580539936
40.57983333333333,38.93135732791031
40.635,38.98206973844964
40.690333333333335,39.03290052335688
40.7455,39.083556392621894
40.80083333333334,39.13433831235744
40.856,39.184940633040014
40.910999999999994,39.235358721264795
40.966499999999996,39.2861811908842
41.021499999999996,39.336494932419086
41.07666666666667,39.38693148941751
41.13183333333333,39.43734109050301
41.187,39.4876971104768
41.242,39.5378537833527
41.29716666666666,39.58814531406982
41.352333333333334,39.638410105735744
41.407666666666664,39.688773800288885
41.462833333333336,39.738941248146176
41.517833333333336,39.788933620253744
41.573,39.83903123863428
41.628166666666665,39.88909345433754
41.68333333333333,39.93912780873017
41.73833333333334,39.988953934210386
41.7935,40.038867122533446
41.84883333333333,40.088913003143354
41.903999999999996,40.13879346160995
41.95916666666667,40.18863272719113
42.01416666666667,40.238268309832065
42.06933333333333,40.288005520283534
42.1245,40.33772117467913
42.17966666666667,40.387405042566805
42.23466666666666,40.43689075622713
42.290166666666664,40.48678662724026
42.345166666666664,40.536201133270815
42.400333333333336,40.58572664872393
42.4555,40.63522298000984
42.51033333333333,40.68439375931983
42.565666666666665,40.7339868621877
42.62083333333333,40.78338184314455
42.676,40.83272578027192
42.73133333333333,40.88219139104652
42.786500000000004,40.93146948895295
42.841499999999996,40.98056297148667
42.89666666666667,41.02977443320532
42.95183333333333,41.07894817182618
43.007,41.128090704044226
43.062,41.177033155487095
43.11716666666667,41.226072353091254
43.1725,41.2752158485259
43.227666666666664,41.32416485875848
43.28283333333333,41.37309321833292
43.337833333333336,41.42184095414994
43.393,41.470705415415914
43.448166666666665,41.519530749404424
43.50333333333333,41.56830745757173
43.55833333333333,41.616896432913464
43.61383333333333,41.6658871789065
43.66883333333333,41.714409913964126
43.724000000000004,41.76303076360676
43.779333333333334,41.811750780825854
43.834500000000006,41.860287759194776
43.88966666666667,41.90878152786418
43.94466666666666,41.95708767259749
43.99983333333333,42.00550089882072
44.055,42.05385140321037
44.11016666666667,42.10215566725785
44.165166666666664,42.15029119258617
44.220666666666666,42.19881431946904
44.275666666666666,42.24685137892585
44.33083333333333,42.29499821220111
44.385999999999996,42.34309109569972
44.44116666666666,42.39113290826114
44.49616666666667,42.43899956451952
44.55133333333333,42.48696266169483
44.6065,42.53487836916081
44.661833333333334,42.5829058615102
44.717,42.630719031329136
44.772000000000006,42.67832159127732
44.82716666666667,42.72602977833321
44.882333333333335,42.77367486404749
44.9375,42.821269529409776
44.9925,42.86868484366869
45.04766666666667,42.91617424434768
45.102999999999994,42.963761874020975
45.158166666666666,43.01114743588256
45.21333333333334,43.05846592241135
45.26833333333333,43.10560210859913
45.323499999999996,43.15283068967659
45.37866666666666,43.19999266167397
45.43383333333334,43.247076818261434
45.48883333333333,43.293956242946486
45.544333333333334,43.34119619624319
45.599333333333334,43.38794209716341
45.6545,43.434776282657324
45.709666666666664,43.48155221366927
45.76483333333333,43.52826678907651
45.819833333333335,43.574783278623556
45.875,43.62137428621758
45.930166666666665,43.66791908057715
45.9855,43.71455403516782
46.04066666666667,43.76097716467584
46.095666666666666,43.807174960351716
46.15083333333334,43.85342645464429
46.206,43.89964426488878
46.26116666666667,43.94580123999673
46.31616666666666,43.991721712926235
46.37133333333334,44.03772953595849
46.42666666666666,44.083800664991514
46.482166666666664,44.12991637214777
46.5375,44.17583713718544
46.592666666666666,44.22154562055154
46.647666666666666,44.26702705363471
46.70283333333334,44.31259432206439
46.758,44.35809139777391
46.813,44.40336415369279
46.86816666666667,44.448700236676196
46.9235,44.494091913605224
46.97866666666666,44.539292295361676
47.033833333333334,44.58444030501057
47.089166666666664,44.6296332476235
47.14433333333333,44.6746018041916
47.19949999999999,44.71948236911313
47.25483333333333,44.76442141512404
47.309999999999995,44.80916562823342
47.365,44.853699476620804
47.42016666666667,44.89828337469699
47.47533333333333,44.94278367257661
47.53033333333334,44.98707899107926
47.5855,45.03141441982937
47.64066666666667,45.075673784328
47.696000000000005,45.11999916078353
47.75116666666667,45.164089969503266
47.806333333333335,45.20809311186903
47.86133333333333,45.25190439794068
47.9165,45.29579547700796
47.97166666666667,45.339590215252095
48.026833333333336,45.38329278726138
48.08183333333333,45.426778520308815
48.13733333333333,45.47057296388963
48.19233333333333,45.513911784581126
48.247499999999995,45.557314545249994
48.30266666666667,45.600627470947614
48.35766666666667,45.64371846487239
48.41283333333333,45.68687069602876
48.467999999999996,45.72993412230709
48.52333333333333,45.77302541662795
48.57866666666666,45.81604955260579
48.63416666666667,45.8591265373284
48.689166666666665,45.901714634800015
48.74433333333333,45.944344174973935
48.799499999999995,45.986888596919194
48.85466666666667,46.02937338188897
48.909666666666666,46.07165457415199
48.96483333333333,46.11396999011137
49.019999999999996,46.15621064298966
49.07533333333333,46.19849342699156
49.1305,46.24057219258911
49.185833333333335,46.282694449118495
49.241,46.324618267010614
49.29600000000001,46.366339376186005
49.3515,46.40833744547037
49.4065,46.449873157522546
49.461666666666666,46.491441267963594
49.51683333333334,46.532907236530264
49.572,46.57430245395781
49.62733333333333,46.61575687922361
49.68266666666667,46.65713027944399
49.737833333333334,46.69830912308139
49.793,46.73939883654813
49.848333333333336,46.78051904709639
49.9035,46.82142556661752
49.9585,46.86214293684891
50.01366666666667,46.90293278475981
50.06883333333334,46.94361284642038
50.124,46.9841999286146
50.178999999999995,47.024589259446365
50.23416666666667,47.06501608082283
50.2895,47.10546574114624
50.34466666666666,47.14570936857707
50.399833333333326,47.18589677460465
50.45483333333333,47.225887096234246
50.51,47.26592638570088
50.56516666666666,47.305876436565995
50.62033333333333,47.34573329110305
50.675333333333334,47.38538924929122
50.73083333333333,47.42530492069299
50.785833333333336,47.46477683304892
50.841,47.504299178368925
50.89633333333334,47.54387980429584
50.9515,47.58327761676792
51.00666666666667,47.62259031101134
51.06166666666666,47.661716833391395
51.11683333333334,47.70089854315049
51.172000000000004,47.73999941770006
51.22716666666667,47.77902249310433
51.2825,47.818070528900506
51.33766666666667,47.85691404279312
51.39266666666666,47.895571072633196
51.44783333333333,47.934261265283354
51.503166666666665,47.97300510369426
51.55833333333333,48.01157488386938
51.6135,48.0500626903109
51.6685,48.088355736411145
51.72366666666667,48.126696727462104
51.77883333333333,48.164959106136266
51.83416666666667,48.20325268456327
51.8895,48.24148329184758
51.94466666666666,48.27952349568033
51.99983333333333,48.31747923186961
52.055,48.35537717440811
52.11,48.39307997660591
52.165166666666664,48.43082682073468
52.22033333333333,48.46850660037374
52.275666666666666,48.50620554197414
52.33083333333333,48.54371356712379
52.385999999999996,48.581165750378204
52.441,48.61841905914262
52.49616666666667,48.655707186499
52.55133333333333,48.69292998425951
52.60633333333333,48.7299466008949
52.661500000000004,48.7670401490649
52.716833333333334,48.804184041914596
52.772000000000006,48.84108528794634
52.82716666666667,48.87791730087109
52.8825,48.914795823102246
52.93766666666667,48.95146833422527
52.99283333333334,48.98805789573692
53.04816666666667,49.02467159114178
53.10333333333333,49.06109807263319
53.15833333333333,49.0973252650749
53.213499999999996,49.13357532954972
53.26866666666667,49.16974575155456
53.32366666666667,49.20574630547218
53.37883333333333,49.24179983900504
53.43416666666667,49.27788371761966
53.489333333333335,49.31375871973407
53.5445,49.34952751381668
53.599666666666664,49.385232550550946
53.655,49.420988359300466
53.710166666666666,49.456539478422535
53.765166666666666,49.49189319637125
53.82033333333333,49.52726827798476
53.8755,49.56255086807083
53.93066666666667,49.5977522976548
53.98566666666667,49.632777327584215
54.04083333333333,49.66779317774354
54.09616666666667,49.70284053394831
54.15133333333333,49.73773510418567
54.2065,49.77252758676406
54.2615,49.807149823876536
54.31666666666667,49.84178291308409
54.372,49.87644956033385
54.4275,49.91116864569971
54.482499999999995,49.94548949087079
54.538000000000004,49.98001876653415
54.592999999999996,50.01414610683612
54.64816666666666,50.04830866030705
54.70333333333333,50.082388535243766
54.758500000000005,50.11640308058461
54.8135,50.15021962395993
54.86866666666666,50.184057155914424
54.92383333333333,50.217811521395824
54.979166666666664,50.25158189025732
55.0345,50.285313486731305
55.089666666666666,50.31887359831891
55.14483333333333,50.35233205597101
55.19983333333333,50.385580192306215
55.255,50.4188455345886
55.31033333333333,50.45218250102596
55.3655,50.485352966301875
55.42066666666666,50.51842958466453
55.475833333333334,50.551433120624516
55.530833333333334,50.5842671132985
55.58633333333333,50.617315655110346
55.641333333333336,50.64999051975789
55.6965,50.68269543711696
55.751666666666665,50.715304989530665
55.806666666666665,50.74773554076805
55.86183333333334,50.78018363962448
55.91716666666667,50.81262780794397
55.97233333333334,50.84487910478128
56.0275,50.87706940925728
56.08266666666667,50.909206907902266
56.13766666666667,50.94116602074064
56.19283333333333,50.97314244533638
56.248000000000005,51.00504204666458
56.30316666666667,51.036860758567855
56.35850000000001,51.06868804895768
56.41366666666667,51.100357072052475
56.468666666666664,51.13183966563774
56.524166666666666,51.16350161484707
56.579166666666666,51.1948475658879
56.63466666666667,51.22639306575388
56.68966666666667,51.257520215758355
56.74483333333333,51.28863841006133
56.8,51.319690786829554
56.855333333333334,51.350772483663874
56.9105,51.38165690102294
56.9655,51.41238017717768
57.02066666666666,51.44314488686231
57.075833333333335,51.473813201508364
57.131166666666665,51.50448569467373
57.18633333333333,51.53498550775632
57.241499999999995,51.56539629909912
57.2965,51.5956282999032
57.35166666666667,51.625844240982445
57.40683333333333,51.65597918420588
57.46216666666667,51.686171835088885
57.51733333333333,51.716181269586635
57.57233333333333,51.745985181406525
57.627500000000005,51.77581044608088
57.68283333333333,51.805673450101246
57.73800000000001,51.83537255546472
57.79316666666667,51.86498854857053
57.848333333333336,51.89454371196134
57.90333333333333,51.923935534082304
57.9585,51.95330598549539
58.01366666666667,51.98260205333541
58.068999999999996,52.01189869772625
58.12416666666666,52.04100907771077
58.17933333333334,52.070074513101936
58.23433333333333,52.09896284420172
58.2895,52.127839880965766
58.34466666666666,52.156672894798824
58.39966666666667,52.18535431622293
58.45483333333333,52.21401752732213
58.51016666666667,52.24270327549807
58.565333333333335,52.271218315820896
58.6205,52.29965105711754
58.67583333333334,52.328126248933856
58.73116666666667,52.356521938323056
58.78633333333333,52.384758799262926
58.841499999999996,52.412929842668035
58.89666666666667,52.441013219719174
58.952,52.469085298339735
59.00716666666666,52.49701117956014
59.06216666666667,52.52477350690759
59.117333333333335,52.55254183808184
59.1725,52.580265875247925
59.227833333333336,52.60801689892344
59.283166666666666,52.635683417283126
59.33833333333334,52.66318300255964
59.3935,52.69060245742726
59.448499999999996,52.717856321002714
59.50366666666666,52.745151730961325
59.55883333333334,52.77239016050062
59.614000000000004,52.79957979615088
59.669,52.826650965185095
59.7245,52.85387403996397
59.7795,52.8807318671774
59.834666666666664,52.90761751689896
59.89,52.93451946335359
59.945166666666665,52.96125325564937
60.00033333333333,52.987915971513445
60.05533333333334,53.014456029138756
60.1105,53.04103069914084
60.16566666666667,53.06746408372645
60.22083333333333,53.09380400090682
60.27583333333334,53.12002747808006
60.33133333333333,53.14645155218888
60.38633333333333,53.17256465591442
60.4415,53.19867616347867
60.49666666666667,53.224694800007455
60.551833333333335,53.25063639640699
60.606833333333334,53.27645248637393
60.662,53.30226347779714
60.71716666666667,53.32800274220347
60.7725,53.35375978845261
60.82783333333334,53.37942036595641
60.883,53.40492102824534
60.93816666666667,53.43037631221747
60.99316666666667,53.455673398342725
61.04833333333333,53.4809602349668
61.10366666666666,53.5062788759031
61.158833333333334,53.53146292006762
61.214000000000006,53.556550027039236
61.26916666666667,53.58157207549213
61.32416666666666,53.60645566657585
61.37966666666667,53.63147318533757
61.434666666666665,53.65616435258495
61.48983333333333,53.68090328805057
61.544999999999995,53.70558356241848
61.6,53.73010646691236
61.655166666666666,53.754668334776206
61.7105,53.77920538310999
61.76566666666667,53.80360623114001
61.82083333333333,53.82797487520325
61.876,53.85226328042676
61.931000000000004,53.8764053370693
61.98616666666667,53.90054318603741
62.041333333333334,53.92459629628489
62.0965,53.94857578197535
62.151833333333336,53.97258448175796
62.207,53.99646762662528
62.26199999999999,54.02021013354925
62.31716666666667,54.043958769929134
62.37233333333334,54.067622233864924
62.42733333333333,54.09117042514518
62.482499999999995,54.1147349459171
62.537666666666674,54.13823077573633
62.592999999999996,54.16174005671551
62.64816666666666,54.185124690683175
62.70333333333333,54.20842680876292
62.75833333333333,54.231567396630346
62.8135,54.254731861727585
62.86866666666666,54.27783945483637
62.92366666666667,54.300801888500274
62.978833333333334,54.3237467268814
63.03416666666667,54.34667795669765
63.089333333333336,54.369494196073454
63.1445,54.39226332223861
63.199666666666666,54.41495698052207
63.25466666666667,54.43752764790347
63.30983333333334,54.460097803432234
63.365,54.482592111571236
63.419999999999995,54.50499105689421
63.475500000000004,54.52753259535576
63.530499999999996,54.54979608727034
63.58566666666666,54.572041004420925
63.64083333333333,54.59421067055155
63.69616666666666,54.616390053201414
63.751333333333335,54.63845172219096
63.8065,54.66047636204027
63.8615,54.682363870751075
63.916666666666664,54.704238713361036
63.97183333333333,54.72604936489921
64.027,54.74779571693471
64.08233333333334,54.7695545850368
64.1375,54.79119592178
64.19250000000001,54.81271998726736
64.248,54.8343606932443
64.303,54.85572779277079
64.35816666666666,54.87710808220764
64.4135,54.89853181114537
64.46866666666666,54.91988163150929
64.52383333333333,54.94110914185802
64.57883333333334,54.96218171400133
64.634,54.98332128691892
64.68933333333334,55.004462243886074
64.74483333333333,55.02555882871589
64.79983333333332,55.046431355741696
64.85533333333333,55.067448580480374
64.91033333333333,55.088220084992116
64.96549999999999,55.108960252820225
65.02083333333333,55.12968319668395
65.076,55.15032485507163
65.13116666666666,55.17094574894875
65.18633333333334,55.191507548004715
65.24133333333333,55.21192150092172
65.2965,55.23233485812413
65.35166666666666,55.25269578900355
65.40666666666667,55.2729404521859
65.46216666666666,55.29333545017571
65.51716666666667,55.313497144091556
65.57233333333333,55.33363291828078
65.6275,55.35370688687722
65.68266666666666,55.37372409191609
65.73766666666667,55.39364779646358
65.79316666666666,55.4137302629605
65.84816666666667,55.433566566007045
65.90333333333334,55.45335194585754
65.9585,55.47308311027578
66.01366666666667,55.492794269199514
66.069,55.51262109781263
66.12416666666667,55.532306612836905
66.17783333333334,55.55196751339976
66.233,55.57278960074601
66.28783333333334,55.59336462722089
66.342,55.613509255560025
66.396,55.63356361471307
66.45016666666668,55.65373044107776
66.50466666666667,55.67395468846452
66.55883333333334,55.69403011432592
66.61316666666667,55.713937652519434
66.66716666666667,55.733647647694994
66.7215,55.75359112171149
66.77583333333334,55.773511795436136
66.8305,55.79354920202954
66.88466666666666,55.81333738437565
66.93916666666667,55.83316587499479
66.9935,55.85288022476697
67.04766666666667,55.872490397047265
67.102,55.89214900090682
67.15633333333334,55.91175447528069
67.21083333333334,55.93136610040353
67.26516666666666,55.95088475212037
67.3195,55.97032090629411
67.37416666666667,55.98983074267995
67.4285,56.00918776328807
67.48283333333333,56.028482843993274
67.5375,56.047821784164206
67.59183333333334,56.06701712026713
67.64616666666667,56.08620813125614
67.7005,56.10537126928883
67.75500000000001,56.12452174056553
67.80966666666667,56.143641325425115
67.86366666666667,56.162517290045855
67.91833333333334,56.18156042557699
67.973,56.20052544633401
68.02733333333333,56.21934182770332
68.08183333333334,56.23814072942761
68.13616666666667,56.25685058484321
68.19083333333333,56.275665124525744
68.24516666666666,56.29430535094702
68.3,56.313048460077724
68.35433333333334,56.33156224366271
68.40866666666668,56.3500452708821
68.463,56.368523599212295
68.51766666666667,56.38704792155663
68.57166666666667,56.405311736619616
68.62633333333333,56.42374929461717
68.68066666666667,56.44201403707525
68.735,56.460243644657375
68.78933333333333,56.4783767114253
68.84366666666666,56.496454299262936
68.898,56.514513945887316
68.95233333333334,56.53258165537836
69.00666666666666,56.55059260442389
69.06133333333334,56.56865624300754
69.11566666666666,56.58657454918103
69.17,56.60442920676465
69.22433333333333,56.62223564733762
69.279,56.64010835063432
69.33333333333333,56.657851729978546
69.38766666666668,56.67555313969891
69.44200000000001,56.69318278456623
69.4965,56.71081466176627
69.55083333333333,56.728382153144814
69.605,56.74586717056642
69.6595,56.76338796378539
69.71416666666667,56.78090076964621
69.76849999999999,56.79826962616367
69.82283333333334,56.81556244611067
69.87716666666667,56.83282605818965
69.93183333333333,56.85021868334226
69.98616666666666,56.86742484082164
70.04050000000001,56.884557898536286
70.095,56.901727497124696
70.14933333333333,56.91879685285297
70.20383333333332,56.93586066992615
70.25833333333334,56.95285159148427
70.31266666666667,56.96976465575062
70.367,56.98665267707348
70.42166666666667,57.00357940723221
70.47600000000001,57.02037062075852
70.53033333333333,57.037155800483944
70.58483333333334,57.05393258811907
70.63933333333333,57.070628285519234
70.69366666666666,57.08724291692577
70.748,57.10383656352036
70.8025,57.12045245613182
70.85683333333333,57.136994948910036
70.91149999999999,57.15356543486852
70.96583333333334,57.169961514531416
71.02016666666667,57.186334847298916
71.0745,57.20262626988446
71.12916666666666,57.21895924180143
71.18350000000001,57.23518600126419
71.23783333333334,57.25138969345275
71.29233333333333,57.267577478899014
71.34666666666666,57.2836735772045
71.40133333333333,57.29983006560499
71.45566666666667,57.315819958335574
71.51,57.33175170231246
71.56433333333332,57.34765749560589
71.61866666666667,57.36349606274607
71.673,57.379277709251326
71.72766666666666,57.39516041987404
71.782,57.410906023763374
71.83633333333334,57.42660335724561
71.89083333333333,57.44228269513536
71.94516666666667,57.45792727290719
71.9995,57.47358493281368
72.05383333333333,57.48910936853243
72.10833333333333,57.50463504203373
72.16283333333334,57.52017603376964
72.21716666666666,57.53556126489623
72.27133333333333,57.55088705854703
72.32583333333334,57.56631985855597
72.38016666666667,57.58161031095181
72.4345,57.59686375959531
72.48883333333333,57.61207892297123
72.5435,57.62734144311775
72.59816666666667,57.642552227000536
72.65216666666667,57.657555649139375
72.70683333333334,57.6727424720942
72.76133333333334,57.6878110087689
72.81566666666666,57.70280441661308
72.86999999999999,57.717771019430316
72.92433333333334,57.73267979387269
72.979,57.74766251914741
73.03299999999999,57.76243647143901
73.08766666666666,57.7773471527577
73.14200000000001,57.7921190720525
73.19633333333333,57.80685265268324
73.25066666666666,57.821518419799595
73.305,57.83613340687485
73.35933333333334,57.85075117056644
73.414,57.86545130731858
73.46833333333333,57.880024645148765
73.52266666666667,57.894524402646006
73.577,57.90899228245184
73.63166666666666,57.92355311273268
73.68616666666667,57.93798476434529
73.74083333333333,57.952388451768975
73.79516666666667,57.966715578485086
73.84966666666666,57.98104546560203
73.904,57.995269537134824
73.9585,58.00953263460647
74.01283333333335,58.023727818650066
74.06733333333334,58.03788952654786
74.12166666666667,58.051989451292485
74.176,58.06607239596029
74.23033333333333,58.08014375359453
74.28466666666667,58.094142759014574
74.33933333333333,58.10813271750054
74.39333333333335,58.121949625568085
74.44766666666666,58.13582731421277
74.50266666666667,58.14984647172192
74.557,58.16366403594361
74.611,58.177343760950315
74.66566666666667,58.19115277682332
74.72,58.20482713171775
74.77433333333333,58.218473667052336
74.82866666666668,58.23211582387654
74.88316666666667,58.24577192291165
74.93783333333334,58.25941863841837
74.99216666666666,58.27294049300009
75.04683333333334,58.2865278971515
75.10116666666666,58.299991976754825
75.1555,58.31338856322255
75.20983333333334,58.32674910707438
75.26433333333333,58.34011201724144
75.31866666666666,58.35342509163317
75.37333333333332,58.36682354828761
75.42766666666667,58.38001786893446
75.482,58.39315099722893
75.53633333333333,58.40631376056315
75.591,58.419522893652285
75.64533333333334,58.43257923782573
75.69966666666666,58.44555457955717
75.75399999999999,58.45849446603383
75.80850000000001,58.471489149407375
75.863,58.484445215832814
75.917,58.49724919814318
75.97133333333333,58.51013883854343
76.02566666666667,58.52301005716222
76.08033333333333,58.535915756795916
76.13466666666666,58.54869758972721
76.18900000000001,58.56145357876798
76.24333333333334,58.574163006088625
76.29783333333333,58.58684238020638
76.35216666666666,58.599480843621016
76.40666666666667,58.61211592340303
76.461,58.62464209404539
76.51533333333333,58.63714081890319
76.56983333333332,58.64967311654458
76.62416666666667,58.66213382311714
76.6785,58.674548501934254
76.73316666666666,58.687039236976986
76.7875,58.69940842200335
76.84216666666666,58.71181840979333
76.8965,58.72411550958785
76.95083333333334,58.73632781579112
77.00516666666667,58.748514171310944
77.05966666666667,58.76077025868699
77.114,58.77293819242533
77.16833333333334,58.785038366045754
77.22266666666665,58.79710132232795
77.27733333333335,58.80921894381758
77.33166666666666,58.82124190614522
77.386,58.83322102997261
77.44033333333333,58.84520004700707
77.4945,58.85709568676704
77.54883333333333,58.869000909882686
77.60366666666667,58.88102625228419
77.65799999999999,58.89287498193664
77.71233333333333,58.90465477674888
77.76683333333334,58.91642523323955
77.82116666666667,58.928123064473354
77.87583333333333,58.93987998266627
77.93016666666668,58.951544975072245
77.9845,58.9631588670583
78.03883333333333,58.97471573161651
78.09316666666668,58.98626063536588
78.14750000000001,58.99777953503531
78.20216666666667,59.00936985493764
78.2565,59.02086606110815
78.31116666666667,59.03239712337921
78.36550000000001,59.043840253460516
78.41983333333333,59.05521840004022
78.47383333333333,59.06645191491559
78.52816666666666,59.0776713671923
78.58283333333334,59.08897077134371
78.63716666666666,59.10020074272463
78.69149999999999,59.11137966708211
78.74583333333334,59.12251720917688
78.80033333333334,59.133677721416674
78.85466666666666,59.144788832259756
78.90933333333334,59.1559423756053
78.964,59.167089633236564
79.01833333333335,59.17810302854315
79.07266666666666,59.18902698476579
79.12716666666667,59.199967150092334
79.1815,59.21082986056614
79.23583333333333,59.221655834269946
79.29016666666666,59.232538301436925
79.34483333333333,59.243465720240344
79.39916666666666,59.25429382980287
79.4535,59.2650776736934
79.50816666666667,59.275878357454076
79.5625,59.28659903332292
79.61683333333333,59.29726390988268
79.67116666666668,59.307860866135094
79.7255,59.31844532761399
79.77983333333333,59.32904057517944
79.83449999999999,59.33963426016113
79.889,59.35014647900326
79.94333333333334,59.360624521321384
79.998,59.37113509519196
80.05233333333334,59.38153096034576
80.10683333333333,59.391965945291716
80.16133333333333,59.402370775810795
80.21583333333334,59.41270913804612
80.2705,59.4230625153355
80.3245,59.433277001532225
80.37916666666666,59.44365670360793
80.43366666666667,59.45401343701274
80.488,59.464286009721874
80.54233333333333,59.47445878443226
80.59683333333334,59.48462950305103
80.65133333333333,59.49484221291434
80.70566666666667,59.50495304772182
80.76033333333334,59.51504108190985
80.81466666666667,59.52506851143425
80.869,59.535112974431954
80.9235,59.54516800288724
80.97783333333334,59.55516601095777
81.0325,59.56517775698951
81.08683333333333,59.57510309246704
81.1415,59.58505832079426
81.19583333333334,59.594890426038624
81.25016666666667,59.604713560676345
81.30466666666666,59.61455263415977
81.35933333333334,59.624339867371
81.41366666666666,59.63405919927486
81.46833333333333,59.64378223224189
81.52266666666667,59.65338206285031
81.577,59.66297436455673
81.63133333333333,59.67253324007416
81.68566666666668,59.68209083407636
81.74016666666667,59.69169750958785
81.7945,59.70129653924925
81.84916666666666,59.71091867844339
81.9035,59.72040162418328
81.95783333333334,59.729841906145225
82.0125,59.73934864607196
82.06683333333334,59.74873441024005
82.12116666666667,59.758048623140965
82.1755,59.76735808375623
82.22983333333333,59.77663321044255
82.28433333333334,59.78586239323537
82.33883333333333,59.795098378181315
82.39333333333335,59.80434507517944
82.44766666666666,59.813586668883836
82.502,59.822782928986875
82.55666666666666,59.831944330696274
82.611,59.841007420008054
82.66550000000001,59.85004716015815
82.71983333333333,59.85906320718158
82.7745,59.86811785919624
82.82916666666667,59.877087251137624
82.8835,59.8859661226347
82.938,59.89488438811311
82.99233333333333,59.903769773979285
83.047,59.912685603039115
83.10133333333333,59.92151294694453
83.15566666666668,59.93031535469938
83.21033333333334,59.9391257771658
83.26466666666667,59.94790826803807
83.319,59.95668189509665
83.37333333333332,59.96539075223951
83.42783333333334,59.97412889456061
83.48216666666667,59.9828431981432
83.53683333333333,59.99158872195272
83.59116666666667,60.000210329266814
83.6455,60.00877122479676
83.70016666666668,60.0173835666771
83.75450000000001,60.02589127932489
83.80883333333333,60.03439034174485
83.86316666666667,60.042848395677375
83.91766666666668,60.05126967549512
83.972,60.05969131303644
84.0265,60.06812635784123
84.08083333333335,60.076510350872596
84.13533333333334,60.084899012491455
84.18966666666667,60.09320483309362
84.244,60.101462009513405
84.29833333333333,60.10972404501179
84.35266666666666,60.1179390916183
84.407,60.126132993223464
84.46166666666666,60.134383073809545
84.516,60.14253308351799
84.57033333333334,60.15066675390722
84.625,60.158859940720404
84.67933333333333,60.16695933057716
84.73366666666668,60.17498572746212
84.788,60.18302670158285
84.8425,60.19110176787428
84.89683333333333,60.199082243796724
84.95116666666667,60.207041147546086
85.00583333333334,60.215050812991755
85.06016666666666,60.22297992151196
85.11449999999999,60.23089722941273
85.16916666666665,60.23882432098783
85.2235,60.246689033367595
85.27783333333333,60.254536819066985
85.33233333333332,60.26235447474464
85.38666666666667,60.27015340267579
85.441,60.277922054809565
85.49566666666666,60.28572735395486
85.55,60.29347272522857
85.60433333333334,60.30117393762323
85.65866666666668,60.30883195227524
85.713,60.31643363365348
85.76766666666667,60.32406814403199
85.82199999999999,60.33165247155813
85.87650000000001,60.33925893912715
85.931,60.34681580989459
85.98533333333333,60.35431699912
86.03966666666666,60.36180318393789
86.09400000000001,60.369244302136764
86.1485,60.37673989996576
86.20283333333333,60.38416852339112
86.25716666666668,60.39153248369368
86.3115,60.39891027368148
86.36583333333333,60.40624331742905
86.42049999999999,60.41356219899194
86.47483333333334,60.420793842846734
86.52916666666667,60.42800434170019
86.58383333333333,60.43525617564402
86.63816666666666,60.4424390685235
86.69266666666667,60.4495547634221
86.747,60.456550181302326
86.80133333333333,60.46359830149649
86.85566666666666,60.470672799545866
86.91033333333333,60.477711671340735
86.96466666666667,60.48467665323419
87.019,60.491658882186805
87.07366666666667,60.498677177669094
87.128,60.50561412641683
87.18233333333333,60.512474611422334
87.23666666666666,60.51924143902292
87.29116666666667,60.52604439555825
87.34549999999999,60.53284358141846
87.40016666666666,60.539651009989896
87.45450000000001,60.546391406338806
87.50883333333333,60.55307472186338
87.56316666666666,60.55969380143693
87.6175,60.56629825037823
87.67216666666667,60.57292597198995
87.7265,60.57946741309898
87.78083333333333,60.585971369887446
87.83516666666667,60.59247837027459
87.88983333333334,60.59900740079962
87.94416666666666,60.60542912702732
87.99849999999999,60.61179991302453
88.05283333333334,60.618190081939616
88.10733333333333,60.624617099003856
88.16166666666666,60.63094895897586
88.216,60.63719709328599
88.27066666666666,60.64347791868282
88.325,60.649736198321875
88.37966666666667,60.655987797833475
88.434,60.6621544491334
88.4885,60.66830466676943
88.54316666666666,60.67446676200752
88.59750000000001,60.68060271033832
88.65216666666667,60.68678017065578
88.7065,60.692921405236916
88.76050000000001,60.69898303911523
88.81516666666667,60.705049827882014
88.86966666666667,60.711068287276284
88.92399999999999,60.71705557984008
88.97866666666667,60.723046295346805
89.03299999999999,60.728977841997974
89.08766666666666,60.73493068204682
89.14200000000001,60.74080066257036
89.1965,60.74666947459573
89.25083333333333,60.75251531991572
89.30516666666668,60.75830210874208
89.3595,60.76405846158164
89.41416666666667,60.76984969967688
89.46849999999999,60.77558682978796
89.52316666666667,60.78130946226659
89.5775,60.78698545342178
89.632,60.79268303329313
89.68633333333334,60.7982608283436
89.741,60.80379816656094
89.79533333333333,60.80933361821227
89.84983333333334,60.81490415314481
89.90416666666667,60.8204168045043
89.95866666666667,60.82588514645909
90.01299999999999,60.83134098397658
90.06750000000001,60.836796471468766
90.12216666666667,60.84217371200601
90.17666666666668,60.847497709057734
90.23083333333334,60.852776420827
90.28533333333333,60.858070852614716
90.33966666666667,60.86336890356918
90.39416666666666,60.868680903122474
90.4485,60.873898432203156
90.503,60.87911134527382
90.55733333333333,60.884300520829974
90.61166666666666,60.889453920752544
90.66633333333333,60.89459563503826
90.72066666666666,60.89969174055064
90.775,60.90480140876589
90.82933333333334,60.909860563922386
90.88366666666667,60.91487614756097
90.938,60.91987950340837
90.99233333333333,60.92489898498911
91.04666666666667,60.929877885254164
91.10100000000001,60.93482597575716
91.15533333333333,60.93975804731974
91.20966666666666,60.94461990252687
91.264,60.949474762796676
91.31866666666666,60.954366284164195
91.37333333333332,60.95919919258911
91.42733333333334,60.96391590178236
91.48166666666665,60.968621465527555
91.536,60.97330844730188
91.59033333333333,60.97799334661395
91.645,60.98269661889722
91.69933333333333,60.98735439280353
91.75366666666667,60.9919900071756
91.80816666666666,60.996595814689215
91.8625,61.001145834523044
91.91716666666666,61.005696100701314
91.9715,61.010225082326734
92.02583333333334,61.01468272627086
92.0805,61.019097983902114
92.13483333333333,61.02352332298309
92.18916666666668,61.027981607684836
92.2435,61.032448168839124
92.298,61.036905507309605
92.35233333333333,61.0412832167411
92.40683333333332,61.04563493437712
92.46133333333334,61.0499568725081
92.51566666666666,61.054227041452975
92.57,61.05852225334136
92.62433333333334,61.06282408639178
92.67866666666667,61.0670831488713
92.73299999999999,61.07132560504927
92.78733333333334,61.07555631400427
92.84200000000001,61.07975500997497
92.89633333333333,61.08387935316565
92.95066666666666,61.08797267300841
93.00500000000001,61.092055046575226
93.05933333333334,61.09615023529437
93.114,61.10022955641768
93.16833333333334,61.10421859295839
93.22266666666665,61.10822882789688
93.27716666666667,61.11224879327704
93.3315,61.116169215356315
93.38583333333332,61.12008953064266
93.44033333333333,61.12407377132881
93.49483333333333,61.12802003778998
93.54899999999999,61.13189244874623
93.60333333333332,61.13571841247356
93.65783333333334,61.139545560914556
93.71216666666666,61.143349418504116
93.7665,61.147146708328115
93.82083333333334,61.15099173459453
93.8755,61.154794591737385
93.92983333333333,61.15850719476309
93.98416666666667,61.162210186424545
94.03883333333333,61.16593041597277
94.09316666666668,61.16958268098959
94.14750000000001,61.17322357255873
94.202,61.17692030176449
94.25633333333333,61.18054656270138
94.31066666666668,61.18406693844217
94.365,61.187608886356045
94.41966666666667,61.191224891240054
94.47433333333333,61.19482617573333
94.52833333333334,61.19838141936775
94.58266666666667,61.20196581747371
94.637,61.20551972619643
94.69133333333333,61.209014898804305
94.74600000000001,61.21251373152714
94.80033333333334,61.215979429284666
94.85483333333333,61.21941296336847
94.90933333333334,61.22280788050418
94.96366666666667,61.22615210129693
95.018,61.22944404694749
95.0725,61.23273784231067
95.12683333333332,61.23602855984246
95.18116666666667,61.23928681232169
95.23583333333333,61.24251928118616
95.29016666666666,61.24572798174306
95.34483333333333,61.24900106599214
95.39916666666666,61.25224644992257
95.45366666666668,61.25547318783913
95.50783333333334,61.25865437250812
95.56233333333333,61.26179498552518
95.61666666666666,61.26488124798088
95.671,61.26801481970726
95.72533333333334,61.27116083281069
95.77966666666666,61.27427352651807
95.834,61.27733095488103
95.88850000000001,61.280319885239294
95.943,61.28330420941511
95.99733333333333,61.286258102026565
96.05166666666668,61.28921744107775
96.106,61.292135878434436
96.16066666666667,61.295032303342865
96.21499999999999,61.2979423040576
96.26950000000001,61.3008497156988
96.324,61.303733293023924
96.37833333333333,61.30657927137349
96.43266666666666,61.309379862725216
96.48716666666665,61.31215358795528
96.5415,61.31492486464606
96.59616666666668,61.31772888418208
96.6505,61.320481472109066
96.70483333333333,61.3232025561199
96.75916666666667,61.32593832415945
96.8135,61.32867174275441
96.86816666666667,61.33135746192413
96.9225,61.33398670400996
96.977,61.33660162306651
97.03133333333334,61.33921190940619
97.086,61.34185137216565
97.1405,61.344425103381596
97.195,61.34697933866257
97.2495,61.34954407175468
97.30383333333333,61.35209487442897
97.35816666666666,61.35461123638138
97.4125,61.35704718325293
97.46716666666666,61.359494313900065
97.5215,61.361970788690854
97.57583333333334,61.36443872004676
97.6305,61.366874246298295
97.68483333333333,61.369232981877076
97.73916666666668,61.37158093136932
97.7935,61.37391264833528
97.848,61.37624128779745
97.90233333333335,61.378567398134265
97.95666666666666,61.38084716033683
98.01133333333334,61.38311641064209
98.06566666666666,61.385388270167375
98.11999999999999,61.38761511647012
98.17466666666665,61.389827795346804
98.229,61.39201603600316
98.2835,61.394212970783826
98.33783333333334,61.39641669641592
98.3925,61.39860584415707
98.44683333333334,61.400773687362644
98.50116666666666,61.402918783672845
98.5555,61.4050407059159
98.60983333333334,61.407165458171775
98.6645,61.4092958855222
98.71883333333334,61.41134524196522
98.77316666666667,61.413372171891666
98.82766666666666,61.415397071114384
98.882,61.417362915481405
98.93633333333334,61.419350972779114
98.99066666666666,61.42134159310729
99.04516666666667,61.423319734222275
99.09966666666666,61.42534184831143
99.154,61.427318425368526
99.20833333333333,61.429200597470135
99.26266666666668,61.43107209027814
99.31733333333334,61.43298074473479
99.37166666666667,61.434898692469986
99.426,61.436813276227696
99.48066666666666,61.43870296609337
99.53500000000001,61.440531688330495
99.58933333333333,61.442290995159176
99.64383333333333,61.44408745986925
99.69816666666667,61.44589348860745
99.75283333333333,61.44768239214835
99.80716666666667,61.44946706229935
99.86149999999999,61.45122663611036
99.91583333333332,61.45303373277792
99.97049999999999,61.45484589883409
100.02483333333333,61.45657226004198
100.07916666666667,61.4583084462
100.13366666666667,61.46002783769468
100.188,61.461667696624374
100.24233333333333,61.4632752506909
100.29666666666667,61.46485429104351
100.35100000000001,61.46641549697578
100.40566666666668,61.4679601172444
100.46000000000001,61.46956654998511
100.51466666666667,61.47118031311087
100.56916666666666,61.47270179944161
100.62333333333332,61.47424985886864
100.67783333333334,61.47581628225825
100.73216666666667,61.477329965333986
100.78649999999999,61.47880878051609
100.84083333333334,61.48025491705976
100.8955,61.48171100008784
100.94983333333333,61.48322772676225
101.00416666666666,61.484760846152355
101.05850000000001,61.486254879327845
101.11283333333334,61.48772653938324
101.16716666666666,61.489173690459815
101.22183333333334,61.49058937299949
101.27616666666667,61.492015112092375
101.3305,61.493465520353496
101.38483333333333,61.49486696405343
101.4395,61.49624928395575
101.49383333333334,61.49757111352184
101.54833333333333,61.49889822966586
101.60266666666666,61.50022785511629
101.657,61.50155059242234
101.71166666666666,61.5028823579901
101.766,61.50415949471246
101.82066666666667,61.505440114981084
101.87516666666667,61.506712171176915
101.9295,61.507974303491764
101.98383333333332,61.50922767878585
102.03850000000001,61.510492826527
102.09283333333333,61.51173568271688
102.14733333333334,61.51292461338784
102.20166666666667,61.51410504910658
102.25633333333333,61.5153408635144
102.31066666666668,61.51655488561154
102.365,61.517723253728526
102.41933333333333,61.51890988343757
102.47366666666667,61.52010313430865
102.52783333333333,61.521242420022936
102.58233333333332,61.5223794508011
102.637,61.52350916020281
102.69133333333333,61.524642179857956
102.74566666666666,61.52580766456566
102.80033333333334,61.52693372073172
102.85466666666666,61.52800581501684
102.909,61.52911672853421
102.96333333333334,61.53024552986838
103.01783333333333,61.531325197607146
103.07199999999999,61.53239623903184
103.12633333333333,61.53350159931655
103.18066666666667,61.534574120773414
103.235,61.53562047796093
103.28933333333333,61.53666779628489
103.34400000000001,61.537682751107845
103.39833333333333,61.53869888589447
103.45266666666666,61.53971923900207
103.507,61.54072159749994
103.5615,61.541762701850864
103.61583333333333,61.54277029320261
103.67049999999999,61.54374366560798
103.72483333333334,61.54468835592038
103.77950000000001,61.54564061477264
103.83383333333333,61.546611469354374
103.88816666666666,61.54759706136127
103.94250000000001,61.548591997750094
103.99683333333334,61.54959627852081
104.05116666666666,61.55058614224516
104.10566666666666,61.551514288005905
104.16000000000001,61.55241962512137
104.21466666666667,61.553363019504765
104.269,61.55431838911077
104.32333333333332,61.55526030280683
104.378,61.5561996678862
104.43233333333333,61.55712486848777
104.48666666666666,61.558023103872976
104.541,61.55891952377827
104.59549999999999,61.55982303181901
104.64983333333333,61.56070738412254
104.70450000000001,61.56162171379287
104.75883333333333,61.562491168481806
104.81316666666666,61.56330514424047
104.86783333333332,61.56416300993033
104.92233333333334,61.565006584039146
104.97666666666667,61.56582088017662
105.03083333333333,61.56666184997917
105.08533333333334,61.56751008383068
105.13983333333334,61.56832618152568
105.19416666666666,61.56913193422825
105.24849999999999,61.5699347501251
105.30283333333334,61.57075999253851
105.35733333333333,61.5715979963802
105.41166666666666,61.57235537188274
105.466,61.573071952483716
105.52033333333334,61.57378207211205
105.575,61.57448994024392
105.62933333333334,61.57520887028948
105.684,61.57598980313441
105.73833333333333,61.57676843043124
105.79266666666668,61.577528315567776
105.847,61.57828745315377
105.90133333333333,61.579009266608594
105.95583333333335,61.57976430560619
106.01016666666666,61.58052520527563
106.0645,61.58122870374193
106.11883333333334,61.58188713558921
106.1735,61.582548747310824
106.22783333333334,61.58323361040979
106.2825,61.5839176250618
106.33683333333333,61.58458641582389
106.39133333333332,61.58520434055363
106.44566666666667,61.585843496275956
106.50033333333334,61.586546636691104
106.5545,61.5872218931758
106.609,61.587900341000335
106.66333333333334,61.58854195296019
106.71766666666667,61.589161191799946
106.77233333333334,61.58978379985855
106.82683333333333,61.59039438683256
106.88116666666666,61.59098361685729
106.9355,61.59157007026566
106.99016666666667,61.592121547677145
107.0445,61.59262646467884
107.09916666666666,61.593142806559186
107.1535,61.593702348147666
107.20783333333334,61.59425526857412
107.26216666666666,61.59477406865751
107.31649999999999,61.59533126080141
107.37100000000001,61.59588041415618
107.4255,61.59639978800591
107.48,61.59691739436703
107.53433333333334,61.597465242129026
107.58866666666667,61.59801693443672
107.64333333333335,61.59853644603623
107.69766666666666,61.59903863981805
107.752,61.59952780486168
107.8065,61.59999635002383
107.861,61.60045653978529
107.91533333333334,61.60090453615207
107.96966666666667,61.60133699414665
108.02416666666666,61.60183756834481
108.0785,61.602364324501934
108.13283333333334,61.602860057311126
108.1875,61.60335431860539
108.24183333333333,61.60381587767504
108.29616666666668,61.60423327786564
108.35100000000001,61.6046950428229
108.40533333333333,61.60520172190804
108.45966666666666,61.60567113025849
108.514,61.6060875159162
108.56833333333334,61.60651538181453
108.62266666666666,61.60702531808422
108.67699999999999,61.60753498737158
108.73166666666665,61.60801726820186
108.786,61.60854947079873
108.84066666666666,61.60904459167785
108.89516666666667,61.609467449937476
108.94933333333333,61.60991534966648
109.00366666666667,61.610410548510984
109.05816666666666,61.61085456307366
109.11283333333334,61.61127232131541
109.16716666666666,61.611709745181514
109.22183333333334,61.61211143993121
109.27616666666667,61.61253327202866
109.3305,61.61300412208375
109.385,61.613465918653034
109.43933333333332,61.61393554058937
109.49366666666667,61.61440046363651
109.548,61.614835217679214
109.60266666666666,61.61526065846067
109.657,61.61571047030736
109.71166666666666,61.61621026517914
109.766,61.616703221372006
109.82033333333334,61.617192172829775
109.87466666666666,61.61764203807293
109.92916666666666,61.61810335259987
109.9835,61.61859326519405
110.03783333333334,61.61907762455555
110.09216666666666,61.619545911580175
110.1465,61.62000720366749
110.20100000000001,61.62045014702494
110.2555,61.620860900665605
110.30966666666667,61.621278990096506
110.36416666666668,61.62168995797822
110.41883333333334,61.62213624369251
110.47316666666667,61.62262471458206
110.52749999999999,61.62309166669499
110.58216666666667,61.623553532384854
110.6365,61.623953899102155
110.69083333333333,61.62432676663841
110.74516666666666,61.62474064266212
110.79966666666665,61.625157395052
110.854,61.62559535288278
110.90833333333333,61.62602434010695
110.963,61.626436672219285
111.01733333333333,61.62687713968406
111.07166666666667,61.62730212217311
111.12633333333333,61.62766809042708
111.18066666666667,61.6280944612243
111.235,61.62855949106438
111.2895,61.62895728312192
111.34383333333334,61.629330577829926
111.39816666666667,61.62970440650261
111.45283333333333,61.63009637719858
111.50716666666668,61.63051217549514
111.56183333333334,61.6309184367894
111.61616666666667,61.63136760787847
111.67066666666666,61.63183818833053
111.725,61.63221116265973
111.77933333333334,61.632496620177825
111.834,61.63278044435364
111.88866666666667,61.63314206095925
111.943,61.63349517180233
111.99733333333333,61.63384369054916
112.05183333333333,61.634231681078965
112.10616666666667,61.63455270064476
112.16033333333333,61.63484138144228
112.21516666666666,61.635220266891515
112.26950000000001,61.63561123583044
112.32383333333334,61.63597080764616
112.3785,61.63633290776826
112.43283333333333,61.636710420797236
112.48733333333332,61.63707372004677
112.54166666666667,61.637412734222295
112.596,61.63774587478634
112.65033333333334,61.638083714239556
112.705,61.63841529909915
112.75933333333334,61.638744488324555
112.81366666666666,61.639085211187066
112.86833333333334,61.639422490796335
112.92266666666666,61.63977747051581
112.977,61.64014489161232
113.03150000000001,61.64052125956551
113.08583333333333,61.64085739033177
113.14016666666666,61.641116897166405
113.19483333333332,61.64136977628728
113.24916666666667,61.64164962717622
113.30383333333333,61.64196804964266
113.35816666666666,61.642293127340025
113.41266666666667,61.64259151155338
113.46700000000001,61.64288850270857
113.52166666666668,61.64315051491858
113.57600000000001,61.64343437054263
113.63033333333333,61.64374535157244
113.685,61.644056252671334
113.73933333333333,61.64438896606363
113.79366666666667,61.64465717652255
113.84816666666667,61.644916675986494
113.90249999999999,61.64518766306174
113.95683333333334,61.64542794716788
114.01116666666667,61.645650396853696
114.06583333333333,61.645860726524035
114.12016666666666,61.64606283215552
114.17483333333332,61.64627934009203
114.22933333333334,61.6464919743277
114.28366666666668,61.64674032130052
114.338,61.647012269512196
114.39266666666667,61.64723619136812
114.44733333333333,61.64743889222283
114.50166666666668,61.64764558995057
114.556,61.64780070669021
114.61033333333333,61.64794044524704
114.66483333333333,61.6481702187662
114.71916666666667,61.648418458946075
114.7735,61.64864421921291
114.82816666666666,61.648859921288604
114.8825,61.64908194380268
114.93683333333334,61.649326286040385
114.9915,61.649570408140505
115.04583333333333,61.649766373178174
115.10033333333334,61.64994322915958
115.15466666666666,61.650119063728816
115.209,61.65032164992852
115.26333333333334,61.65053592995473
115.318,61.65069532922212
115.37233333333333,61.65087463456176
115.42666666666668,61.651040110216194
115.48133333333334,61.65115980740789
115.53566666666667,61.65130734184906
115.59016666666666,61.65147187897048
115.64450000000001,61.65162560740194
115.69883333333334,61.65183449438488
115.7535,61.652054816729205
115.80783333333333,61.65219562321539
115.86216666666665,61.652320036985905
115.9165,61.65249138625182
115.97083333333333,61.65268307957205
116.0255,61.65287224196521
116.07983333333333,61.65303296533399
116.13416666666667,61.6531795920352
116.18866666666666,61.65336924891896
116.243,61.653540758374284
116.29766666666666,61.6536930660666
116.35233333333333,61.653854560572086
116.40683333333332,61.65401829428959
116.46116666666667,61.654198987937406
116.5155,61.65435159504304
116.56983333333332,61.65449512474911
116.62416666666667,61.654654673395584
116.6785,61.65477342714048
116.73316666666666,61.65488775192681
116.7875,61.655023432352074
116.84216666666666,61.65519223332886
116.8965,61.65534895196253
116.95083333333334,61.65549210789332
117.00533333333333,61.65566837471188
117.05966666666667,61.65582413220912
117.11433333333333,61.655961934406925
117.16866666666667,61.656097935210994
117.22333333333333,61.65622026488133
117.27783333333333,61.656355183178476
117.33216666666667,61.65647666014324
117.3865,61.65652220733048
117.44083333333333,61.65657635134906
117.49516666666666,61.65665836832396
117.54983333333332,61.656710856724445
117.6045,61.65681905696865
117.65883333333333,61.656953028706944
117.71333333333334,61.65708537611157
117.76766666666667,61.657254536122295
117.82233333333333,61.65738825529202
117.87666666666668,61.65747417020907
117.931,61.65757893407935
117.98566666666667,61.65770900001342
118.03999999999999,61.657772114638625
118.09433333333332,61.65782652563955
118.14866666666667,61.657905392222844
